{
  "version": 1,
  "author": "Kaique",
  "editor": "wokwi",
  "parts": [
    {
      "type": "wokwi-pi-pico",
      "id": "pico",
      "top": 20,
      "left": 60,
      "attrs": { "env": "arduino-community" }
    },
    { "type": "wokwi-led", "id": "led1", "top": -32.4, "left": -73, "attrs": { "color": "red" } },
    { "type": "wokwi-led", "id": "led2", "top": 54, "left": -73, "attrs": { "color": "blue" } },
    {
      "type": "wokwi-led",
      "id": "led3",
      "top": 102,
      "left": -82.6,
      "attrs": { "color": "green" }
    },
    {
      "type": "wokwi-resistor",
      "id": "r1",
      "top": 23.15,
      "left": -38.4,
      "rotate": 180,
      "attrs": { "value": "220" }
    },
    {
      "type": "wokwi-resistor",
      "id": "r2",
      "top": 81.05,
      "left": -39.8,
      "rotate": 180,
      "attrs": { "value": "220" }
    },
    {
      "type": "wokwi-resistor",
      "id": "r3",
      "top": 177.05,
      "left": -49.4,
      "rotate": 180,
      "attrs": { "value": "220" }
    }
  ],
  "connections": [
    [ "pico:GND.1", "led1:C", "black", [] ],
    [ "pico:GP11", "r1:1", "red", [ "v-3.95", "h-37.2", "v-134.4" ] ],
    [ "r1:2", "led1:A", "red", [] ],
    [ "pico:GND.2", "led2:C", "black", [] ],
    [ "pico:GP13", "r2:1", "red", [] ],
    [ "r2:2", "led2:A", "red", [ "h1.2", "v9.6" ] ],
    [ "pico:GND.3", "led3:C", "black", [] ],
    [ "pico:GP12", "r3:1", "red", [] ],
    [ "r3:2", "led3:A", "red", [ "h-8.4", "v-38.4" ] ],
    [ "$serialMonitor:RX", "pico:GP0", "", [] ]
  ],
  "dependencies": {}
}